ProjectID,StartDate,EndDate,DurationDays,Budget,TeamSize,ComplexityLevel,ManagerExperienceYears,ClientSatisfaction,QualityScore,Delayed,Success
1,2021-09-17,2022-01-05,110,112417.85,18,4,15,7,0.679,0,1
2,2018-10-31,2019-09-15,319,72203.0,13,3,1,9,0.748,1,1
3,2020-01-30,2020-10-10,254,139480.32,12,4,13,8,0.815,1,1
4,2022-01-29,2022-06-26,148,85478.05,19,2,4,10,0.621,0,1
5,2019-04-09,2019-08-22,135,106049.06,16,1,9,6,0.413,0,1
6,2020-07-25,2021-07-25,365,120411.13,17,1,14,3,0.471,1,1
7,2022-04-29,2022-08-03,96,77299.4,10,5,5,7,0.488,0,1
8,2018-06-21,2018-10-06,107,84263.13,20,4,6,8,0.79,0,1
9,2020-09-17,2021-04-30,225,86390.43,13,2,7,9,0.717,1,1
10,2021-06-21,2021-08-23,63,84993.65,18,1,12,5,0.842,0,1
11,2019-09-06,2019-11-15,70,84957.33,14,2,13,10,0.978,0,1
12,2018-04-24,2018-07-25,92,86658.78,8,5,5,7,0.699,0,0
13,2018-02-10,2018-12-23,316,120563.62,11,5,4,8,0.517,1,1
14,2020-06-15,2021-02-23,253,169457.83,8,4,11,4,0.879,1,1
15,2021-04-23,2021-07-06,74,118461.66,14,3,13,4,0.726,0,1
16,2021-08-23,2021-12-20,119,74772.87,3,2,12,5,0.463,0,1
17,2019-11-26,2020-04-27,153,88484.03,14,5,11,6,0.859,0,1
18,2019-05-07,2019-07-22,76,71736.19,8,4,7,4,0.72,0,0
19,2022-09-23,2023-05-07,226,83076.95,6,1,10,9,0.792,1,1
20,2022-07-27,2023-03-17,233,114553.07,11,4,14,5,0.833,1,1
21,2019-11-04,2019-12-30,56,79019.56,7,4,1,8,0.654,0,0
22,2019-07-22,2019-11-25,126,62296.17,16,4,12,6,0.865,0,1
23,2021-02-10,2021-06-25,135,72341.63,13,1,3,4,0.521,0,0
24,2021-02-16,2021-05-17,90,120869.89,12,3,2,6,0.744,0,1
25,2020-01-01,2020-08-30,242,109040.9,17,5,1,5,0.603,1,0
26,2022-12-11,2023-09-05,268,137385.86,4,1,11,9,0.751,1,1
27,2020-09-08,2021-08-21,347,34506.37,11,2,3,8,0.823,1,1
28,2021-04-14,2022-01-20,281,64531.24,10,1,10,10,0.856,1,1
29,2022-01-25,2022-12-10,319,94508.2,15,5,13,10,0.754,1,1
30,2019-06-05,2020-05-18,348,80268.54,5,1,10,7,0.812,1,1
31,2022-04-24,2023-03-06,316,79787.66,10,4,10,6,0.625,1,0
32,2019-10-09,2019-12-29,81,112536.21,11,3,12,7,0.874,0,1
33,2019-08-29,2019-10-06,38,86755.99,16,1,11,10,0.777,0,1
34,2018-03-08,2018-12-09,276,134296.55,20,2,3,1,0.726,1,0
35,2021-04-22,2022-01-30,283,82448.67,11,2,2,5,0.651,1,1
36,2022-10-11,2023-09-06,330,131843.34,15,4,15,9,0.656,1,1
37,2022-10-24,2023-01-12,80,100127.84,3,4,2,7,0.665,0,1
38,2020-07-02,2020-11-21,142,90112.09,12,3,15,5,0.657,0,1
39,2020-10-04,2021-06-07,246,95967.86,10,2,14,4,0.761,1,1
40,2022-11-17,2023-05-15,179,76423.58,13,2,3,10,0.911,0,0
41,2018-04-19,2019-02-11,298,52030.72,8,4,2,2,0.696,1,0
42,2020-04-25,2020-11-06,195,102558.69,17,4,6,9,0.635,1,1
43,2019-05-05,2020-02-12,283,95190.98,4,5,5,2,0.745,1,1
44,2022-12-01,2023-07-29,240,108495.52,4,1,1,4,0.699,1,1
45,2018-07-28,2018-12-27,152,128570.57,18,2,12,8,0.813,0,1
46,2018-03-04,2018-12-15,286,79954.3,6,2,4,2,0.908,1,0
47,2018-02-01,2018-08-20,200,114671.43,6,3,8,10,1.0,1,1
48,2021-09-16,2022-07-16,303,87664.19,16,5,15,3,0.838,1,1
49,2021-07-28,2022-07-22,359,102491.28,15,4,12,1,0.624,1,0
50,2020-04-27,2021-04-02,340,100228.61,10,5,7,5,0.645,1,1
51,2021-06-11,2021-07-20,39,73442.41,7,4,9,3,0.771,0,1
52,2021-07-03,2022-06-15,347,115513.71,4,5,11,3,0.676,1,1
53,2021-03-22,2022-02-13,328,80418.67,18,2,7,2,0.652,1,0
54,2022-04-26,2023-02-26,306,91081.37,19,5,1,7,0.783,1,0
55,2021-07-23,2021-12-13,143,105686.5,13,2,6,2,0.896,0,1
56,2018-02-03,2018-04-07,63,91887.73,8,4,5,7,0.669,0,0
57,2019-01-04,2019-12-11,341,106497.07,19,4,5,10,0.817,1,1
58,2019-01-23,2019-07-07,165,132484.92,8,2,14,7,0.57,0,1
59,2018-01-23,2018-11-25,306,106262.32,12,3,13,5,0.752,1,1
60,2022-11-28,2023-05-25,178,105657.21,19,3,4,3,0.827,0,1
61,2022-11-15,2023-01-17,63,107326.81,17,4,15,3,0.593,0,1
62,2019-11-22,2020-09-09,292,104370.83,19,4,8,9,0.517,1,1
63,2018-01-17,2018-06-11,145,70217.41,10,5,9,9,0.798,0,1
64,2019-10-23,2020-08-28,310,81220.51,20,1,14,5,0.53,1,1
65,2022-08-20,2023-01-18,151,124084.4,5,1,6,7,0.762,0,1
66,2018-03-14,2018-10-12,212,78308.97,4,4,3,9,0.722,1,1
67,2022-12-01,2023-03-26,115,77762.14,9,3,9,5,0.578,0,0
68,2022-02-11,2022-05-11,89,121966.84,19,2,3,4,0.664,0,1
69,2019-11-21,2020-04-08,139,100325.05,15,4,4,4,0.918,0,0
70,2021-10-22,2021-11-30,39,64839.87,19,2,8,6,0.695,0,1
71,2019-07-08,2020-06-30,358,73227.69,4,1,2,7,0.772,1,0
72,2022-12-06,2023-06-07,183,96896.69,18,4,5,9,0.811,1,0
73,2019-04-21,2019-09-12,144,78830.16,14,2,8,9,0.473,0,1
74,2021-02-23,2021-08-12,170,76848.83,15,5,2,4,0.623,0,0
75,2021-07-27,2022-07-14,352,104329.52,8,2,14,7,0.758,1,1
76,2019-11-14,2020-02-09,87,105773.84,9,3,12,3,0.579,0,0
77,2020-02-03,2020-04-07,64,101455.22,5,2,9,4,0.529,0,0
78,2020-01-06,2020-10-19,287,121811.18,3,4,12,6,0.86,1,1
79,2018-05-13,2018-12-25,226,65558.27,16,1,3,10,0.559,1,1
80,2019-10-04,2020-04-06,185,107611.23,12,5,9,6,0.739,1,0
81,2021-11-20,2022-05-29,190,112876.19,10,3,10,7,1.0,1,1
82,2021-01-12,2021-10-05,266,133272.03,11,2,13,8,0.848,1,1
83,2022-03-03,2022-11-28,270,92118.27,19,5,6,9,0.814,1,1
84,2022-02-27,2022-09-27,212,104125.57,16,4,7,5,0.572,1,1
85,2021-04-29,2021-08-02,95,157866.46,17,1,13,10,0.42,0,1
86,2021-12-21,2022-05-21,151,89636.7,11,2,7,5,0.712,0,1
87,2021-09-23,2022-01-19,118,88201.7,15,2,5,10,0.863,0,1
88,2018-07-10,2019-01-20,194,139009.5,7,4,10,5,0.719,1,1
89,2021-03-20,2022-01-23,309,81740.83,4,3,15,5,0.732,1,1
90,2021-08-03,2022-01-24,174,159725.9,20,5,10,4,0.977,0,1
91,2020-05-19,2020-10-08,142,49371.44,6,4,10,6,0.728,0,1
92,2022-07-21,2023-01-15,178,88887.53,19,1,2,2,0.45,0,1
93,2020-09-15,2021-06-09,267,112624.68,18,2,10,3,0.83,1,1
94,2019-10-23,2020-06-14,235,91643.82,5,1,7,9,0.652,1,1
95,2018-04-03,2019-02-04,307,144136.36,3,5,7,9,0.761,1,1
96,2020-12-17,2021-11-09,327,109432.41,20,4,15,5,0.948,1,1
97,2018-08-17,2019-05-03,259,62015.75,11,3,7,10,0.627,1,1
98,2018-04-20,2018-08-13,115,94065.2,6,4,7,1,0.981,0,1
99,2018-06-25,2018-07-30,35,30000.0,6,1,13,1,0.546,0,1
100,2020-01-16,2020-09-19,247,50125.96,11,4,5,1,0.505,1,0
101,2022-03-18,2023-01-09,297,88998.89,16,1,10,8,0.72,1,1
102,2018-10-27,2019-07-15,261,101462.72,9,2,9,8,1.0,1,1
103,2018-10-26,2019-02-15,112,75462.28,8,2,8,5,0.769,0,1
104,2020-04-06,2020-10-10,187,94938.56,7,4,15,5,0.709,1,1
105,2021-07-04,2022-01-08,188,102837.93,8,5,8,7,0.799,1,1
106,2020-10-04,2021-01-05,93,84621.66,4,5,13,8,1.0,0,1
107,2020-11-17,2021-06-17,212,96205.37,12,1,5,3,0.788,1,0
108,2019-04-13,2019-06-02,50,87839.18,18,2,11,3,0.731,0,1
109,2019-03-10,2019-07-02,114,85265.88,16,2,9,9,0.827,0,1
110,2022-11-26,2023-09-03,281,123800.28,15,5,14,8,0.918,1,0
111,2018-09-19,2019-06-21,275,120321.55,11,3,14,8,0.794,1,1
112,2021-01-24,2021-12-23,333,113793.43,17,2,9,2,0.593,1,0
113,2022-01-03,2022-07-21,199,99477.46,15,2,2,3,0.718,1,1
114,2019-11-17,2020-07-28,254,83269.93,16,4,2,10,0.874,1,0
115,2022-06-05,2022-11-27,175,94557.97,8,4,5,2,0.865,0,0
116,2021-08-17,2022-05-17,273,89802.12,4,4,5,1,0.739,1,0
117,2020-11-21,2021-04-21,151,132636.97,14,3,14,10,0.703,0,1
118,2019-03-26,2019-05-16,51,94019.38,10,3,1,2,0.828,0,1
119,2022-04-21,2022-07-06,76,108104.16,3,4,6,1,0.68,0,0
120,2019-11-17,2020-09-01,289,147807.94,8,4,6,9,0.86,1,1
121,2018-07-03,2018-10-31,120,74849.57,12,1,10,10,0.518,0,1
122,2022-06-12,2022-08-16,65,119266.96,14,3,9,8,0.8,0,1
123,2022-12-20,2023-10-27,311,99693.83,11,1,7,7,0.565,1,1
124,2020-03-24,2020-07-25,123,47749.56,19,2,15,9,0.966,0,1
125,2022-06-06,2022-07-09,33,79362.57,18,4,2,6,0.652,0,1
126,2022-05-18,2022-09-29,134,115346.03,9,3,9,4,0.904,0,1
127,2021-12-28,2022-08-02,217,106124.16,5,5,13,8,0.624,1,1
128,2019-02-10,2019-03-15,33,113977.73,18,4,3,5,0.831,0,1
129,2021-07-11,2021-12-13,155,63797.89,6,4,12,10,0.489,0,1
130,2018-06-07,2018-07-27,50,83394.31,10,1,9,8,0.904,0,1
131,2021-10-19,2022-03-15,147,107772.69,10,2,3,2,0.921,0,1
132,2020-12-28,2021-10-15,291,92441.89,7,4,2,5,0.699,1,0
133,2022-11-22,2023-11-02,345,108067.96,5,2,13,7,0.576,1,1
134,2018-08-03,2019-01-02,152,112317.16,5,4,12,8,0.713,0,1
135,2021-12-10,2022-09-09,273,117253.6,17,1,3,4,0.64,1,1
136,2021-05-24,2021-09-27,126,101741.32,8,3,12,9,0.848,0,0
137,2021-03-27,2022-03-21,359,102441.9,8,3,14,6,0.584,1,0
138,2021-02-09,2021-10-23,256,156894.03,20,2,9,10,0.761,1,1
139,2020-01-31,2020-10-24,267,153829.56,8,5,7,9,0.585,1,1
140,2020-07-11,2021-06-22,346,97226.7,20,5,10,7,0.846,1,1
141,2020-10-02,2021-05-24,234,79006.95,15,2,2,10,0.61,1,1
142,2018-07-04,2019-06-11,342,125815.01,11,4,13,3,0.428,1,1
143,2022-01-27,2022-05-10,103,108543.9,5,4,9,6,0.981,0,1
144,2018-10-28,2019-09-24,331,114283.69,6,2,13,8,0.846,1,1
145,2020-10-13,2021-01-19,98,66994.17,10,5,11,5,0.975,0,0
146,2019-01-26,2019-11-22,300,98159.72,4,5,8,2,0.658,1,0
147,2020-09-04,2020-11-15,72,57171.64,7,1,7,10,0.903,0,0
148,2022-04-11,2022-12-16,249,106890.88,9,2,4,8,0.742,1,1
149,2018-08-25,2018-11-04,71,60139.31,6,5,7,10,0.61,0,1
150,2020-04-15,2020-05-20,35,106484.73,4,4,6,1,0.745,0,0
151,2021-08-01,2022-04-13,255,100131.09,6,4,10,8,0.707,1,1
152,2022-04-20,2022-07-27,98,92174.41,16,4,9,2,0.46,0,1
153,2018-12-18,2019-04-23,126,103007.39,4,1,9,9,0.777,0,1
154,2018-06-04,2018-07-04,30,126511.17,11,1,14,1,0.931,0,1
155,2021-04-05,2022-02-03,304,108307.85,5,1,5,4,0.588,1,1
156,2020-08-03,2021-05-07,277,102871.54,9,3,5,9,0.933,1,0
157,2022-02-22,2022-05-04,71,151518.7,10,4,8,5,0.963,0,0
158,2022-12-15,2023-10-06,295,74490.42,20,1,8,5,0.66,1,1
159,2021-12-09,2022-03-14,95,116134.4,13,2,2,5,0.905,0,1
160,2021-09-27,2022-07-16,292,89158.74,13,1,1,4,0.649,1,1
161,2021-06-17,2021-10-22,127,126460.61,3,4,13,8,0.436,0,1
162,2020-06-10,2020-11-23,166,122151.59,10,1,5,4,0.679,0,1
163,2018-02-26,2018-06-10,104,137558.93,9,1,3,10,0.711,0,1
164,2022-06-16,2023-01-08,206,124538.68,14,3,3,9,0.75,1,0
165,2022-01-05,2022-12-16,345,57415.44,7,1,15,2,0.692,1,1
166,2022-05-17,2022-12-06,203,99845.02,3,5,10,7,0.76,1,1
167,2022-12-26,2023-05-03,128,67388.26,20,3,15,1,0.8,0,1
168,2019-01-11,2019-03-12,60,72468.7,10,2,11,9,0.773,0,1
169,2020-03-26,2020-07-27,123,98433.02,13,3,7,8,0.843,0,1
170,2020-08-21,2021-04-09,231,88832.91,13,5,4,8,0.629,1,1
171,2018-10-10,2018-12-21,72,86743.56,6,1,10,3,0.581,0,1
172,2022-11-12,2023-01-19,68,64147.78,14,2,8,8,0.671,0,1
173,2022-01-12,2022-11-27,319,149118.13,18,3,13,5,0.705,1,1
174,2018-07-25,2019-02-24,214,112864.72,10,4,7,6,0.881,1,1
175,2021-01-10,2021-11-14,308,97191.8,16,5,8,5,0.667,1,0
176,2020-04-03,2020-11-08,219,81589.7,6,2,12,8,0.787,1,1
177,2020-12-04,2021-03-30,116,93123.71,17,5,10,6,0.355,0,1
178,2020-02-05,2020-05-30,115,84336.9,10,3,2,10,0.371,0,1
179,2022-12-20,2023-06-07,169,114413.92,4,2,15,10,0.747,0,1
180,2022-03-22,2022-10-31,223,75693.29,14,1,4,8,0.712,1,1
181,2019-04-23,2020-03-18,330,59838.84,12,1,12,3,0.731,1,1
182,2020-01-30,2020-04-29,90,95327.37,7,3,13,1,0.693,0,1
183,2020-08-14,2021-05-05,264,83835.68,14,5,2,9,0.538,1,1
184,2021-09-28,2021-11-06,39,105455.57,9,5,1,8,0.837,0,1
185,2022-08-27,2023-02-01,158,99800.68,19,1,10,3,0.922,0,1
186,2022-04-10,2022-07-22,103,159358.24,4,2,14,6,0.852,0,1
187,2021-03-03,2021-05-06,64,74068.85,17,3,8,7,0.671,0,1
188,2022-11-16,2023-02-09,85,134893.3,5,4,3,2,0.504,0,0
189,2018-12-18,2019-08-18,243,65035.81,20,1,12,7,0.784,1,1
190,2020-05-29,2020-08-15,78,88547.25,18,3,9,7,0.606,0,1
191,2020-07-23,2020-10-01,70,85190.15,4,4,8,10,0.57,0,1
192,2022-09-24,2023-01-08,106,37431.01,15,3,4,1,0.803,0,0
193,2021-10-06,2022-05-17,223,94026.3,5,4,1,3,0.564,1,0
194,2019-01-06,2019-11-12,310,105933.11,13,4,3,2,0.741,1,0
195,2021-08-06,2022-07-29,357,112522.93,10,5,8,2,0.553,1,0
196,2018-02-15,2018-07-04,139,151083.01,13,4,5,10,0.943,0,1
197,2021-04-26,2021-08-11,107,83434.41,5,2,15,7,0.786,0,1
198,2018-03-16,2018-06-15,91,106993.93,19,2,14,2,0.289,0,1
199,2021-11-29,2022-04-16,138,106493.06,8,2,4,1,0.564,0,1
200,2018-08-06,2019-03-16,222,71521.46,10,3,13,10,0.74,1,1
201,2019-11-26,2020-05-28,184,83704.1,4,1,14,2,0.707,1,1
202,2022-08-18,2022-10-30,73,84950.78,13,2,9,6,0.814,0,1
203,2018-05-27,2018-11-20,177,113245.1,5,5,2,10,0.916,0,1
204,2019-03-09,2019-11-04,240,55743.92,18,4,15,4,0.545,1,0
205,2020-05-14,2021-04-08,329,109278.65,4,5,10,7,0.609,1,0
206,2018-04-25,2019-04-24,364,112201.1,15,5,9,2,0.937,1,0
207,2020-07-05,2021-06-12,342,108440.07,11,2,10,5,0.638,1,1
208,2021-08-27,2021-12-09,104,92038.04,4,4,15,9,0.652,0,1
209,2018-08-18,2019-06-09,295,107244.37,7,2,15,9,1.0,1,1
210,2020-02-25,2021-02-20,361,93244.92,9,5,15,10,0.842,1,1
211,2018-01-26,2018-07-06,161,49046.89,18,4,14,5,0.549,0,1
212,2022-01-30,2022-09-12,225,126289.83,20,1,8,6,0.573,1,1
213,2019-04-08,2019-11-22,228,108173.18,13,2,13,5,0.667,1,1
214,2021-03-02,2021-12-12,285,122310.27,9,3,13,3,0.714,1,0
215,2022-12-21,2023-08-16,238,63035.34,16,1,3,4,0.872,1,1
216,2021-04-11,2022-04-07,361,112734.45,16,4,7,1,0.887,1,0
217,2020-10-09,2021-06-18,252,104546.66,20,5,9,5,0.737,1,1
218,2020-11-24,2021-05-09,166,72715.24,18,3,8,5,0.577,0,0
219,2019-07-05,2019-11-19,137,101789.16,17,3,13,5,0.628,0,1
220,2019-04-15,2019-10-24,192,91311.83,10,3,10,2,0.824,1,0
221,2018-01-03,2018-03-06,62,93253.13,10,5,13,4,0.553,0,1
222,2022-01-02,2022-11-05,307,89314.8,6,1,15,6,0.617,1,1
223,2018-01-14,2018-10-05,264,121740.15,3,5,4,9,0.903,1,1
224,2018-07-11,2018-09-08,59,59194.55,14,4,13,2,0.742,0,1
225,2019-02-10,2019-07-24,164,55531.99,9,1,9,10,0.924,0,1
226,2020-07-05,2021-01-18,197,104513.27,15,1,13,10,1.0,1,1
227,2022-10-31,2023-03-24,144,102734.87,17,3,10,4,0.809,0,1
228,2018-03-01,2018-08-17,169,105421.53,4,2,12,7,0.766,0,1
229,2020-03-15,2020-11-07,237,147050.61,6,4,13,2,0.902,1,1
230,2020-06-11,2021-05-29,352,104597.08,19,2,5,1,0.715,1,0
231,2020-11-15,2021-06-12,209,75259.88,19,2,13,10,0.681,1,0
232,2021-02-26,2021-04-27,60,163467.28,7,1,5,5,0.779,0,1
233,2020-09-24,2020-12-29,96,96049.8,14,4,7,4,0.636,0,0
234,2018-02-22,2018-09-29,219,121306.16,9,2,8,6,0.352,1,0
235,2020-12-06,2021-06-25,201,67750.98,16,4,4,7,0.506,1,0
236,2020-05-23,2020-12-01,192,62430.87,7,4,4,2,0.661,1,0
237,2021-06-19,2022-02-16,242,93856.42,7,4,7,1,0.659,1,0
238,2020-04-06,2020-07-13,98,120110.98,7,1,2,7,0.676,0,1
239,2022-12-21,2023-04-12,112,146223.9,8,5,6,2,0.869,0,1
240,2018-05-12,2019-01-09,242,74570.2,19,1,9,4,0.778,1,0
241,2021-01-23,2021-02-25,33,93277.78,5,2,8,7,0.534,0,1
242,2018-04-28,2018-06-16,49,100017.48,3,5,15,5,0.724,0,1
243,2019-05-13,2019-12-04,205,100348.23,10,3,12,9,0.696,1,1
244,2018-03-27,2018-12-01,249,97128.9,16,3,11,3,0.723,1,1
245,2019-06-11,2020-04-22,316,99181.17,18,2,12,6,0.618,1,1
246,2021-10-10,2021-12-22,73,134714.56,8,5,12,2,0.301,0,1
247,2019-01-06,2019-09-29,266,131152.13,14,3,11,5,0.389,1,1
248,2019-08-17,2020-05-30,287,107246.06,8,2,4,6,0.662,1,0
249,2021-12-15,2022-03-19,94,64812.21,4,1,3,7,0.583,0,1
250,2021-02-09,2021-04-23,73,90952.73,17,5,6,4,0.69,0,1
251,2018-04-07,2018-12-23,260,123391.96,8,4,7,4,0.891,1,1
252,2019-05-26,2020-04-29,339,82388.25,14,4,2,10,0.591,1,1
253,2019-12-07,2020-05-18,163,86886.99,7,2,6,7,0.773,0,1
254,2022-10-30,2023-04-08,160,91232.96,11,4,14,5,0.666,0,1
255,2021-12-28,2022-07-23,207,117774.0,8,1,12,9,0.767,1,1
256,2019-05-06,2020-03-22,321,141159.93,10,4,3,7,0.549,1,1
257,2019-07-23,2020-06-11,324,114827.53,14,4,9,6,0.654,1,1
258,2020-08-02,2020-10-22,81,58255.52,16,3,11,9,0.965,0,1
259,2019-08-30,2020-07-12,317,86931.92,19,4,8,1,0.857,1,0
260,2020-02-14,2020-09-23,222,132894.16,6,3,11,7,0.437,1,1
261,2018-03-27,2018-11-18,236,67989.27,9,3,12,2,0.963,1,0
262,2020-03-22,2020-11-16,239,56163.26,11,4,5,4,0.618,1,0
263,2021-06-05,2021-10-06,123,86377.02,5,1,1,4,0.76,0,0
264,2019-01-06,2019-06-20,165,124295.57,3,3,11,9,0.695,0,1
265,2019-10-24,2020-07-11,261,90909.69,20,2,8,9,0.691,1,1
266,2018-09-04,2019-02-03,152,153880.99,16,4,12,4,0.801,0,1
267,2020-02-10,2020-10-06,239,104271.64,11,2,10,10,0.672,1,0
268,2019-02-17,2019-08-11,175,67788.82,16,1,1,10,0.715,0,1
269,2021-08-27,2022-07-11,318,104896.13,12,1,12,9,0.553,1,1
270,2018-04-20,2018-11-28,222,150139.35,9,1,10,8,0.808,1,1
271,2022-09-07,2023-02-28,174,106400.74,6,2,8,2,0.847,0,0
272,2022-06-04,2022-12-07,186,74906.05,18,2,15,5,0.777,1,0
273,2021-04-14,2021-07-12,89,53978.14,14,2,7,5,0.508,0,1
274,2022-08-16,2023-01-19,156,91299.67,7,5,15,3,0.73,0,1
275,2021-12-21,2022-02-09,50,84712.05,18,2,13,4,0.489,0,1
276,2021-07-03,2022-02-14,226,133532.8,15,2,4,1,0.567,1,1
277,2022-01-13,2022-04-03,80,76265.03,11,4,15,7,1.0,0,1
278,2020-12-06,2021-09-08,276,102383.02,4,1,10,5,0.727,1,1
279,2020-10-04,2021-06-18,257,85609.05,15,1,9,10,0.718,1,1
280,2022-03-12,2022-06-14,94,57761.07,13,1,3,5,0.848,0,1
281,2021-08-18,2022-04-18,243,99125.29,6,5,15,1,0.966,1,0
282,2021-08-01,2022-06-07,310,61051.19,15,4,5,9,0.64,1,0
283,2019-03-24,2019-09-22,182,115810.19,15,5,6,6,0.846,1,1
284,2019-12-16,2020-11-19,339,55928.33,7,5,10,4,0.872,1,1
285,2018-06-19,2019-02-06,232,98139.16,8,1,13,6,0.793,1,1
286,2021-05-05,2021-06-23,49,126614.22,17,5,5,10,0.718,0,1
287,2018-10-14,2018-12-28,75,113994.76,15,1,12,5,0.862,0,1
288,2019-11-01,2020-10-02,336,88656.39,16,4,1,10,0.795,1,1
289,2018-12-31,2019-08-16,228,110740.46,10,5,9,6,0.731,1,1
290,2018-11-29,2019-02-07,70,120462.12,13,1,5,7,0.72,0,1
291,2019-08-21,2020-01-02,134,72973.59,15,5,3,6,0.858,0,0
292,2020-03-19,2021-02-18,336,128226.74,12,1,3,2,0.688,1,0
293,2021-06-30,2021-08-29,60,123457.1,8,4,9,4,0.623,0,1
294,2018-10-28,2019-08-17,293,64871.0,18,5,15,2,0.775,1,1
295,2020-02-25,2020-12-06,285,105553.34,20,3,7,7,0.628,1,1
296,2020-12-15,2021-04-03,109,93474.32,20,2,7,2,0.72,0,1
297,2019-08-12,2020-03-27,228,136174.45,10,1,7,7,0.729,1,1
298,2020-04-04,2020-07-21,108,121694.13,18,5,7,3,0.742,0,0
299,2019-05-16,2019-09-19,126,102057.1,5,1,15,4,0.86,0,0
300,2021-01-18,2021-09-19,244,130579.27,4,1,5,10,0.597,1,1
301,2018-10-30,2019-01-24,86,157472.45,20,1,13,8,0.646,0,1
302,2022-10-08,2023-05-20,224,57954.49,3,5,4,2,0.436,1,0
303,2021-12-26,2022-04-05,100,89495.33,10,5,11,2,0.658,0,1
304,2018-03-02,2019-02-18,353,74847.1,20,4,10,8,0.542,1,1
305,2019-02-11,2019-04-19,67,99132.88,9,3,9,3,0.735,0,1
306,2019-07-23,2019-10-11,80,73235.55,14,1,15,5,0.802,0,0
307,2020-04-18,2020-05-18,30,124608.06,3,5,8,8,0.668,0,0
308,2019-05-18,2019-11-05,171,157743.07,7,2,8,5,0.6,0,1
309,2021-01-16,2021-03-23,66,104161.31,6,5,9,1,0.774,0,0
310,2021-06-07,2021-11-02,148,60750.99,20,5,6,2,0.711,0,1
311,2019-12-18,2020-03-24,97,84421.49,7,3,11,7,0.617,0,1
312,2018-12-22,2019-12-02,345,87600.77,13,2,6,5,0.675,1,0
313,2020-04-25,2021-04-22,362,135512.61,18,5,4,2,0.614,1,0
314,2019-09-29,2019-11-25,57,108590.46,8,5,1,9,0.644,0,1
315,2020-02-08,2020-10-27,262,105073.08,14,2,12,3,0.473,1,1
316,2021-02-04,2021-12-13,312,78997.25,16,5,7,6,0.725,1,0
317,2022-12-08,2023-08-23,258,84680.28,20,1,15,3,0.642,1,0
318,2018-07-31,2018-11-23,115,113587.48,19,5,12,9,0.863,0,1
319,2018-05-23,2018-12-20,211,95576.32,9,2,14,3,0.58,1,1
320,2022-07-17,2023-05-06,293,122102.52,18,1,15,8,0.557,1,1
321,2018-12-11,2019-09-29,292,87059.72,8,3,11,6,0.734,1,0
322,2018-11-07,2019-08-21,287,30000.0,19,1,15,7,0.569,1,1
323,2020-08-25,2021-04-23,241,87764.01,20,3,3,10,0.857,1,1
324,2021-04-24,2021-06-02,39,59015.09,15,2,4,8,0.769,0,1
325,2022-04-02,2023-01-08,281,114766.37,19,4,15,6,0.866,1,0
326,2020-10-14,2021-09-08,329,110140.44,14,5,5,7,0.807,1,0
327,2021-12-14,2022-05-05,142,126666.87,19,5,8,2,0.875,0,0
328,2021-05-27,2021-12-18,205,83770.22,19,2,1,6,0.772,1,0
329,2022-09-05,2022-10-06,31,95822.05,14,3,3,10,0.722,0,1
330,2018-04-01,2018-07-26,116,82761.49,19,3,4,6,0.774,0,0
331,2019-06-30,2020-05-30,335,100718.62,16,1,6,3,0.892,1,1
332,2020-10-28,2021-04-02,156,120443.82,8,4,14,4,0.477,0,0
333,2021-03-05,2021-10-14,223,66003.6,9,2,3,2,0.812,1,0
334,2018-01-07,2018-04-02,85,137378.34,15,5,13,5,0.732,0,1
335,2021-08-06,2022-05-09,276,106234.59,4,1,1,4,0.937,1,0
336,2020-08-28,2021-02-25,181,130224.55,7,4,14,8,0.484,1,0
337,2022-10-01,2022-11-18,48,88839.16,13,4,4,3,0.729,0,1
338,2022-01-07,2022-11-07,304,90926.07,9,4,12,1,0.726,1,0
339,2019-06-07,2019-12-16,192,129876.17,7,3,4,1,0.472,1,1
340,2020-11-07,2021-05-23,197,109177.56,4,3,15,4,0.621,1,1
341,2020-11-24,2021-10-31,341,139138.1,20,5,12,4,0.69,1,0
342,2022-12-26,2023-07-02,188,57475.16,5,5,12,10,0.639,1,0
343,2019-01-16,2019-05-10,114,63799.65,12,1,10,2,0.37,0,1
344,2021-10-22,2022-06-12,233,116215.91,8,2,10,2,0.848,1,1
345,2021-12-04,2022-10-30,330,106095.02,12,4,7,3,0.615,1,0
346,2020-10-30,2021-01-18,80,94439.68,13,2,11,5,0.528,0,0
347,2021-02-23,2021-06-12,109,146165.92,20,5,15,2,0.539,0,1
348,2020-08-27,2020-12-16,111,122447.21,4,2,13,7,0.669,0,1
349,2021-09-25,2022-06-16,264,68711.51,15,3,10,4,0.917,1,0
350,2022-05-16,2022-11-23,191,112637.55,15,4,12,5,0.696,1,1
351,2018-08-16,2019-01-18,155,108568.13,10,5,5,2,0.769,0,0
352,2019-11-23,2020-11-12,355,111498.23,10,5,4,4,0.791,1,0
353,2022-05-26,2022-12-06,194,104913.03,20,4,8,6,0.806,1,0
354,2018-05-12,2019-04-25,348,74232.06,6,3,1,6,0.693,1,1
355,2018-02-19,2018-09-13,206,83090.19,6,2,5,2,0.97,1,1
356,2019-10-04,2020-05-06,215,81479.19,4,1,3,4,0.698,1,1
357,2021-03-09,2021-04-26,48,121016.09,7,3,8,10,0.602,0,1
358,2019-07-15,2020-01-10,179,93077.53,14,1,1,3,0.696,0,1
359,2018-02-19,2019-01-22,337,88692.34,15,5,10,5,0.336,1,0
360,2022-07-22,2023-05-23,305,125588.04,4,3,6,2,0.536,1,0
361,2022-04-02,2022-09-08,159,75825.6,14,2,10,3,0.693,0,1
362,2018-08-19,2018-12-30,133,160050.66,12,1,10,8,0.697,0,1
363,2019-06-23,2019-07-25,32,94475.9,20,1,3,6,0.704,0,1
364,2018-03-03,2018-05-26,84,78092.03,6,2,3,5,0.706,0,1
365,2019-12-13,2020-04-19,128,74959.5,15,2,12,8,0.658,0,1
366,2022-04-22,2023-02-02,286,124722.07,8,5,5,8,0.793,1,1
367,2021-07-29,2022-01-31,186,134983.89,20,5,2,1,0.839,1,1
368,2022-04-12,2022-11-18,220,145299.5,13,3,2,4,0.754,1,0
369,2022-07-17,2023-02-11,209,122379.83,8,1,13,2,0.795,1,1
370,2022-06-30,2023-06-27,362,102863.33,14,4,12,10,0.843,1,1
371,2021-08-06,2022-01-02,149,151881.52,17,1,6,4,0.597,0,1
372,2022-11-21,2023-09-23,306,90761.96,18,2,1,9,0.731,1,1
373,2021-07-29,2022-03-29,243,83714.55,12,3,1,8,0.627,1,0
374,2021-02-20,2021-11-11,264,74210.59,6,3,3,9,0.621,1,0
375,2019-09-13,2019-11-17,65,99391.14,20,5,14,1,1.0,0,1
376,2021-08-28,2022-07-10,316,76669.66,3,2,12,8,0.813,1,0
377,2020-06-06,2021-05-29,357,100950.09,5,1,9,2,0.718,1,1
378,2021-10-20,2022-01-20,92,87443.61,11,5,5,8,0.732,0,1
379,2021-06-22,2022-06-16,359,93565.59,5,5,12,8,0.45,1,0
380,2020-10-31,2021-08-11,284,123321.98,16,5,8,3,0.831,1,0
381,2020-12-09,2021-10-18,313,69355.86,19,2,2,3,0.48,1,0
382,2018-01-16,2018-06-03,138,60954.83,11,5,15,9,1.0,0,1
383,2018-04-05,2019-01-25,295,126967.02,5,3,7,10,0.694,1,0
384,2022-12-28,2023-05-30,153,59176.19,9,3,10,6,0.614,0,1
385,2021-09-13,2021-11-30,78,136913.51,18,2,15,10,0.907,0,1
386,2020-10-27,2021-07-01,247,110040.64,20,1,10,10,0.597,1,1
387,2020-06-28,2021-05-31,337,86242.37,13,3,10,1,0.599,1,0
388,2022-04-01,2023-03-29,362,108095.0,3,4,4,6,0.656,1,0
389,2019-04-29,2020-04-08,345,113590.0,20,2,7,4,0.644,1,1
390,2018-01-10,2018-12-29,353,44139.34,10,3,1,2,0.735,1,0
391,2022-11-10,2023-06-26,228,90938.98,19,1,12,1,0.532,1,0
392,2019-12-07,2020-03-19,103,120182.33,18,4,15,3,0.513,0,1
393,2018-05-09,2018-12-18,223,88307.47,6,1,6,9,0.752,1,0
394,2021-10-14,2022-01-02,80,61102.53,14,3,11,10,0.659,0,1
395,2018-03-09,2019-02-15,343,101920.55,19,5,7,6,0.508,1,1
396,2022-03-29,2022-06-09,72,93518.74,3,3,7,3,0.885,0,1
397,2021-02-27,2022-02-18,356,137518.99,13,2,4,5,0.828,1,1
398,2021-08-08,2022-05-19,284,121176.98,4,1,5,5,0.883,1,1
399,2018-05-17,2018-10-19,155,109548.39,4,3,11,5,0.765,0,1
400,2018-02-10,2019-01-23,347,92417.29,6,1,14,5,0.757,1,1
401,2018-12-13,2019-12-09,361,98209.97,3,2,1,7,0.694,1,1
402,2019-01-06,2019-11-26,324,96727.1,20,3,1,7,0.545,1,0
403,2019-06-22,2019-12-08,169,101965.88,3,1,9,7,0.4,0,1
404,2021-03-23,2021-06-04,73,103483.56,18,3,4,2,0.768,0,0
405,2022-11-28,2023-07-23,237,124950.25,16,2,1,6,0.266,1,1
406,2021-02-04,2021-03-26,50,78221.66,15,2,4,8,0.761,0,1
407,2021-02-10,2021-07-24,164,127704.57,6,3,5,10,0.544,0,1
408,2019-11-07,2020-02-06,91,106914.23,16,2,15,10,0.602,0,1
409,2021-11-18,2022-06-08,202,95232.94,4,2,4,3,0.733,1,0
410,2019-07-01,2019-08-07,37,99227.81,17,3,8,8,1.0,0,1
411,2021-10-07,2022-09-17,345,105027.48,12,3,8,10,0.858,1,1
412,2018-05-09,2019-05-08,364,104939.15,18,5,13,8,0.767,1,1
413,2021-02-25,2021-07-04,129,115968.26,20,5,2,6,0.529,0,1
414,2019-06-20,2020-03-15,269,80709.29,12,4,14,5,0.744,1,1
415,2019-08-23,2019-11-02,71,98396.54,11,3,3,2,0.749,0,0
416,2018-06-07,2019-03-09,275,108515.0,12,1,4,6,0.915,1,0
417,2019-02-05,2020-01-11,340,93896.08,19,4,14,1,0.845,1,1
418,2018-03-21,2018-11-05,229,126173.0,14,4,7,7,0.785,1,0
419,2019-09-20,2020-03-17,179,92560.91,9,3,11,9,0.906,0,1
420,2021-12-20,2022-02-10,52,103012.5,9,1,5,9,0.546,0,1
421,2019-08-27,2020-06-30,308,72593.12,11,1,7,2,0.484,1,1
422,2022-05-28,2022-09-24,119,77870.91,13,5,6,2,0.933,0,0
423,2019-06-22,2020-03-09,261,84025.96,20,2,13,10,0.502,1,1
424,2018-09-23,2018-10-27,34,104242.34,12,5,6,4,0.595,0,1
425,2019-05-27,2019-09-28,124,82796.24,9,1,7,2,1.0,0,1
426,2020-11-27,2021-02-02,67,101478.55,3,5,10,1,0.869,0,1
427,2021-03-08,2021-06-24,108,65260.69,19,3,15,8,0.453,0,1
428,2018-07-14,2019-04-02,262,158215.48,5,1,12,8,0.809,1,1
429,2022-09-25,2022-10-29,34,114868.86,19,5,15,9,0.828,0,1
430,2022-11-29,2023-11-20,356,93682.86,13,2,4,1,0.759,1,0
431,2021-02-06,2021-03-20,42,81150.89,15,5,13,3,0.658,0,1
432,2018-08-19,2019-04-05,229,78235.68,13,4,14,10,0.552,1,1
433,2021-09-24,2022-08-12,322,104497.35,12,2,9,5,0.909,1,1
434,2021-07-04,2021-10-02,90,137862.94,10,1,2,2,0.816,0,1
435,2021-02-04,2022-01-05,335,75437.82,17,5,7,2,0.666,1,1
436,2019-11-02,2020-06-05,216,75770.01,3,3,4,8,0.783,1,1
437,2021-06-02,2021-11-12,163,84965.81,9,5,4,2,0.748,0,0
438,2018-08-06,2019-06-13,311,134935.37,4,2,9,9,0.689,1,1
439,2022-06-26,2023-01-02,190,103130.61,6,5,9,7,0.636,1,0
440,2022-12-08,2023-11-06,333,130153.83,5,2,1,9,0.758,1,0
441,2019-12-21,2020-08-18,241,82450.21,16,2,13,10,0.601,1,1
442,2020-01-01,2020-02-03,33,128735.49,9,4,7,10,0.655,0,1
443,2020-09-14,2021-05-01,229,68903.42,13,1,9,8,0.596,1,1
444,2019-11-17,2020-05-17,182,120072.54,13,4,9,7,0.616,1,1
445,2021-01-27,2021-10-06,252,83162.73,10,4,1,2,0.742,1,0
446,2018-02-14,2018-07-24,160,155567.39,12,5,11,9,0.514,0,1
447,2020-09-26,2021-07-14,291,115844.42,18,5,4,3,0.762,1,1
448,2021-10-03,2022-04-14,193,130614.61,12,1,6,3,0.944,1,1
449,2020-12-03,2021-04-18,136,86062.71,11,3,3,4,0.495,0,1
450,2019-02-19,2019-09-20,213,107859.59,13,3,9,8,0.7,1,1
451,2022-10-19,2022-12-12,54,79908.14,19,4,6,8,0.946,0,1
452,2019-05-24,2020-01-24,245,124409.6,17,2,12,10,0.866,1,0
453,2021-11-21,2022-09-24,307,114224.58,13,5,1,8,0.944,1,1
454,2022-11-12,2023-09-23,315,72480.52,5,1,13,8,0.593,1,1
455,2022-04-16,2022-08-11,117,100852.09,19,3,2,1,0.585,0,1
456,2022-08-15,2022-12-05,112,84454.54,16,2,12,3,0.805,0,1
457,2019-08-27,2019-12-13,108,108272.01,3,4,14,9,0.825,0,1
458,2020-02-16,2020-05-30,104,70684.92,7,3,8,9,0.515,0,1
459,2019-11-01,2020-04-17,168,141814.31,7,5,5,1,0.763,0,0
460,2018-07-16,2018-11-02,109,102410.84,4,1,7,2,0.598,0,0
461,2018-01-16,2018-08-13,209,113468.9,9,2,6,7,0.562,1,1
462,2021-07-24,2022-04-24,274,77126.02,8,2,3,10,0.712,1,1
463,2020-08-15,2021-06-02,291,81611.75,13,5,6,8,0.885,1,1
464,2020-03-28,2020-08-01,126,86652.27,15,5,7,10,0.489,0,1
465,2022-09-04,2022-12-30,117,130327.44,10,2,15,7,0.721,0,1
466,2018-08-07,2019-05-12,278,81270.52,17,3,11,10,0.734,1,1
467,2020-11-03,2021-02-02,91,103338.52,3,5,1,4,0.677,0,0
468,2022-01-17,2022-11-13,300,73235.14,8,1,3,8,0.567,1,1
469,2021-06-23,2021-10-22,121,54094.87,3,5,15,10,0.776,0,1
470,2020-06-28,2021-01-27,213,153893.58,8,4,11,6,0.53,1,1
471,2019-12-02,2020-02-27,87,99848.23,9,2,8,3,0.826,0,0
472,2020-09-27,2021-01-13,108,90378.95,17,3,4,5,0.77,0,0
473,2021-12-27,2022-10-10,287,102045.73,6,5,9,6,0.685,1,1
474,2021-10-23,2022-05-27,216,114211.03,3,4,13,8,0.79,1,1
475,2018-03-03,2018-11-01,243,95626.01,14,1,11,9,0.587,1,1
476,2020-05-12,2020-08-23,103,74085.6,14,1,5,3,0.897,0,0
477,2019-01-03,2019-04-14,101,127147.39,13,2,7,8,0.771,0,1
478,2020-12-25,2021-10-18,297,161621.94,16,2,15,8,0.655,1,1
479,2022-05-28,2022-09-15,110,100258.82,20,1,8,2,0.503,0,1
480,2019-12-21,2020-12-05,350,90707.18,19,3,7,1,0.551,1,1
481,2020-04-13,2020-06-23,71,101416.25,11,4,13,2,0.779,0,0
482,2020-06-17,2020-10-23,128,54939.78,11,2,11,1,0.603,0,1
483,2022-12-18,2023-07-21,215,76516.62,3,1,7,3,0.678,1,0
484,2022-03-26,2022-08-13,140,113502.82,7,5,11,5,0.508,0,1
485,2021-01-09,2021-10-30,294,94663.93,20,4,6,5,0.924,1,1
486,2019-08-19,2020-01-09,143,85908.77,18,5,4,8,0.638,0,1
487,2021-04-03,2021-10-15,195,84664.93,12,2,12,8,0.655,1,1
488,2018-01-03,2018-03-05,61,100392.17,16,4,14,9,0.591,0,0
489,2020-08-12,2020-12-10,120,110923.45,12,5,1,4,0.879,0,1
490,2020-11-02,2021-04-10,159,112488.17,17,1,12,3,1.0,0,1
491,2020-01-15,2021-01-08,359,65828.03,13,3,2,3,0.666,1,0
492,2020-07-02,2020-10-01,91,130195.23,9,3,15,10,0.653,0,1
493,2022-09-04,2022-11-27,84,85587.24,17,1,15,5,0.311,0,1
494,2018-10-20,2019-08-27,311,121577.51,12,3,6,6,0.581,1,1
495,2018-01-28,2018-07-10,163,63027.21,10,5,1,9,0.728,0,1
496,2020-03-09,2021-03-01,357,75147.34,14,5,11,9,0.695,1,1
497,2018-01-08,2018-11-03,299,129914.29,14,4,5,6,0.676,1,1
498,2020-07-19,2020-11-05,109,70173.5,11,4,9,10,0.694,0,1
499,2018-11-24,2019-11-08,349,95676.35,3,1,12,9,0.957,1,1
500,2022-07-07,2023-01-28,205,78129.49,9,2,3,8,0.359,1,1

502,2019-03-28,2019-11-02,219,130547.56,21,3,7,6,0.677,0,1
503,2020-02-13,2020-10-19,249,74463.5,16,1,13,8,0.818,0,1
504,2020-07-22,2021-03-31,252,58552.16,20,4,13,8,0.71,0,0
505,2022-09-12,2023-01-12,122,112373.29,17,1,4,6,0.748,0,1
506,2023-04-22,2023-08-19,119,92397.63,19,1,2,8,0.816,0,1
507,2023-12-05,2024-06-17,195,85583.91,12,2,12,10,0.915,0,1
508,2023-01-31,2023-07-07,157,133024.71,24,3,2,6,0.696,1,1
509,2023-08-10,2024-07-05,330,54574.57,13,2,3,8,0.759,1,1
510,2022-07-02,2023-02-13,226,136058.19,19,1,19,7,0.808,1,1
511,2019-08-17,2019-12-14,119,101974.75,15,1,19,10,0.95,0,1
512,2021-10-07,2022-08-17,314,148474.38,23,2,5,8,0.826,1,1
513,2023-03-11,2023-11-23,257,107436.12,12,1,16,9,0.933,0,1
514,2018-07-03,2019-02-04,216,117378.69,17,3,16,8,0.843,0,1
515,2020-03-13,2020-08-24,164,104528.61,18,1,2,8,0.802,0,1
516,2021-07-28,2022-01-24,180,104585.81,25,1,18,10,0.95,1,1
517,2021-02-05,2021-10-02,239,85599.66,17,2,20,10,0.95,0,1
518,2018-03-20,2018-09-28,192,50000.0,19,4,16,9,0.819,0,1
519,2020-05-09,2021-04-02,328,97515.44,18,4,20,8,0.885,1,0
520,2023-11-04,2024-02-02,90,101743.47,14,1,6,6,0.742,1,1
521,2019-07-27,2020-05-27,305,113516.88,14,1,4,8,0.767,0,1
522,2018-06-17,2019-03-21,277,118839.9,21,1,15,9,0.948,1,0
523,2022-10-22,2023-05-15,205,123322.86,13,1,16,8,0.848,1,1
524,2023-11-21,2024-09-08,292,133838.5,17,3,13,7,0.728,1,0
525,2019-11-14,2020-08-09,269,91235.32,23,2,9,8,0.87,1,1
526,2022-04-18,2023-02-21,309,116475.25,16,1,6,9,0.862,1,1
527,2018-02-15,2019-04-08,417,136061.02,18,3,2,8,0.801,1,1
528,2023-08-01,2023-12-04,125,138876.68,18,1,6,7,0.742,0,1
529,2020-09-11,2021-01-31,142,125437.21,22,1,13,9,0.929,0,1
530,2020-12-30,2021-05-31,152,96551.58,21,1,19,8,0.906,0,1
531,2018-08-18,2019-03-20,214,121245.1,10,3,19,10,0.95,0,1
532,2022-07-18,2023-01-09,175,103616.33,12,1,4,6,0.749,0,1
533,2019-09-18,2020-04-10,205,110735.06,15,2,16,10,0.934,1,1
534,2021-02-04,2022-03-02,391,60340.58,19,1,2,8,0.774,0,1
535,2020-01-31,2021-02-01,367,142747.61,16,2,17,9,0.848,1,0
536,2021-03-09,2022-05-04,421,138290.9,24,4,9,10,0.884,1,1
537,2022-02-25,2022-10-06,223,119751.04,23,2,11,9,0.811,0,1
538,2018-11-07,2019-06-20,225,103911.93,22,2,14,9,0.938,0,1
539,2019-11-05,2020-05-23,200,143982.44,24,4,15,8,0.829,0,1
540,2020-04-03,2021-01-25,297,153464.86,24,2,6,9,0.814,0,1
541,2022-02-28,2022-10-18,232,113225.95,21,1,12,10,0.862,0,1
542,2021-11-07,2022-12-14,402,138324.63,18,2,9,8,0.89,0,1
543,2023-04-17,2024-02-24,313,75548.01,12,1,9,8,0.874,1,0
544,2021-11-23,2022-06-07,196,125301.99,10,4,10,7,0.719,0,1
545,2023-09-26,2024-09-11,351,60438.43,11,4,10,8,0.739,0,1
546,2020-02-10,2020-11-28,292,151521.31,16,1,5,10,0.84,1,1
547,2019-11-03,2020-08-26,297,100274.37,17,3,6,10,0.887,0,1
548,2023-03-08,2023-08-12,157,122167.31,11,2,11,8,0.807,0,1
549,2022-01-20,2022-10-19,272,94018.8,12,3,17,8,0.801,0,1
550,2022-07-27,2023-04-27,274,116648.05,14,3,5,8,0.852,1,0
551,2023-08-25,2024-07-19,329,99945.46,16,1,13,7,0.74,1,0
552,2019-02-08,2019-08-25,198,175972.52,12,2,2,9,0.865,1,1
553,2023-06-29,2024-07-03,370,58220.8,13,1,8,8,0.8,1,1
554,2022-04-06,2022-09-01,148,101842.35,24,2,18,10,0.889,0,1
555,2020-10-25,2021-11-05,376,79100.49,15,1,19,10,0.95,0,1
556,2018-06-17,2019-07-13,391,158556.95,19,3,4,7,0.765,0,1
557,2018-12-30,2020-02-17,414,113254.25,21,3,15,8,0.888,0,1
558,2020-10-25,2021-11-16,387,100905.96,19,2,17,9,0.934,1,1
559,2020-09-04,2021-05-03,241,121982.3,15,2,4,8,0.696,1,0
560,2021-08-14,2022-01-22,161,154759.23,11,1,16,7,0.771,1,1
561,2018-04-17,2018-08-26,131,137172.4,11,2,20,10,0.95,1,1
562,2019-05-06,2020-03-14,313,166794.23,15,1,9,8,0.858,0,1
563,2021-03-31,2021-09-05,158,152181.99,14,3,19,10,0.95,1,1
564,2020-07-31,2021-10-24,450,105450.05,16,4,1,9,0.848,0,1
565,2022-12-29,2023-10-03,278,134758.74,12,3,18,9,0.881,1,0
566,2018-12-05,2019-12-02,362,79371.73,17,3,13,10,0.88,1,1
567,2020-09-16,2021-03-03,168,56840.61,25,3,3,10,0.868,0,1
568,2023-02-11,2023-12-07,299,96847.84,18,4,15,7,0.786,0,1
569,2018-04-15,2019-05-15,395,104677.31,10,2,7,8,0.837,0,1
570,2021-04-17,2021-12-18,245,110824.34,19,4,14,8,0.823,0,1
571,2022-09-10,2023-08-01,325,98628.79,19,2,8,6,0.752,1,1
572,2021-04-04,2021-09-04,153,107687.65,14,1,10,7,0.83,0,1
573,2020-02-16,2020-08-28,194,114582.8,17,4,1,9,0.81,0,1
574,2021-09-07,2021-12-29,113,93559.84,20,1,18,10,0.836,0,1
575,2020-10-28,2021-11-12,380,110495.04,12,1,19,10,0.945,0,1
576,2022-12-11,2023-07-26,227,114792.61,13,2,15,9,0.847,0,1
577,2023-04-01,2024-02-18,323,153645.0,11,1,2,7,0.657,1,0
578,2019-07-01,2020-03-08,251,113008.91,17,1,18,8,0.719,1,1
579,2019-05-25,2020-01-02,222,88978.49,13,1,19,9,0.95,1,0
580,2019-12-08,2020-11-24,352,130356.18,20,3,14,10,0.912,0,1
581,2022-06-18,2023-06-28,375,114211.44,24,2,14,8,0.818,1,0
582,2020-08-12,2021-11-05,450,108282.07,16,4,18,10,0.95,1,1
583,2022-05-18,2023-06-11,389,102478.5,21,4,6,8,0.822,0,1
584,2019-02-16,2020-02-17,366,98126.8,22,4,19,10,0.95,1,1
585,2022-07-30,2023-06-07,312,92377.84,20,1,7,8,0.788,0,1
586,2021-09-17,2022-01-30,135,146946.34,21,1,7,9,0.849,1,0
587,2023-07-11,2024-08-08,394,115768.37,18,1,11,9,0.929,0,1
588,2023-03-19,2024-06-08,447,106661.14,23,3,11,9,0.81,1,1
589,2018-09-09,2019-10-04,390,125287.32,24,1,13,10,0.865,1,1
590,2021-09-23,2022-07-17,297,80876.0,13,3,16,10,0.863,0,1
591,2022-03-20,2023-03-21,366,101716.85,10,4,16,10,0.929,1,1
592,2019-07-30,2020-03-08,222,95043.25,25,1,19,10,0.937,0,1
593,2022-10-30,2023-06-03,216,159023.46,19,2,4,9,0.83,1,1
594,2023-09-15,2024-05-23,251,107151.02,11,2,13,8,0.826,1,0
595,2023-09-16,2024-05-16,243,106219.72,20,3,11,10,0.926,1,1
596,2022-09-07,2023-08-15,342,76063.32,20,3,7,8,0.874,0,1
597,2023-07-02,2024-01-05,187,98895.85,17,4,6,7,0.693,0,1
598,2020-02-02,2020-05-18,106,117694.26,25,1,2,7,0.795,1,1
599,2020-10-05,2021-08-16,315,135261.67,21,2,13,8,0.847,0,1
600,2019-06-18,2020-03-29,285,88751.97,12,1,2,6,0.722,1,1
601,2018-10-04,2019-09-28,359,98612.46,18,1,8,10,0.938,0,1
602,2022-02-13,2022-08-31,199,102471.49,12,3,19,9,0.95,0,1
603,2018-09-20,2019-07-23,306,113912.12,24,2,6,6,0.736,0,1
604,2020-07-14,2021-01-06,176,100858.82,12,1,14,8,0.823,1,1
605,2022-10-02,2023-05-26,236,104143.2,17,2,12,10,0.948,0,1
606,2022-04-15,2023-04-17,367,113180.71,15,1,14,10,0.906,0,1
607,2019-12-06,2020-09-16,285,130190.71,21,2,6,9,0.857,0,1
608,2023-03-16,2024-04-16,397,90029.53,21,3,10,9,0.847,0,1
609,2019-12-14,2020-05-30,168,147486.12,22,3,10,10,0.92,0,1
610,2019-12-03,2020-08-23,264,101290.93,16,1,17,10,0.925,0,1
611,2021-09-23,2022-07-20,300,77319.49,16,4,13,9,0.948,0,1
612,2023-06-17,2023-11-08,144,130901.01,13,1,19,9,0.95,0,1
613,2023-11-04,2024-07-30,269,77752.34,14,1,4,7,0.705,1,1
614,2018-02-23,2018-08-31,189,94892.8,12,2,18,9,0.912,1,1
615,2018-07-27,2019-01-02,159,103595.97,20,1,4,7,0.658,1,1
616,2018-08-07,2019-07-14,341,115901.78,18,3,12,8,0.823,1,1
617,2022-12-31,2023-06-18,169,130227.48,13,3,2,10,0.862,0,1
618,2020-02-13,2021-04-15,427,141642.65,23,4,19,10,0.935,0,1
619,2019-02-07,2020-03-09,396,153937.92,16,2,15,10,0.95,1,1
620,2021-10-26,2022-10-10,349,111062.45,18,3,8,8,0.784,0,1
621,2020-05-27,2021-07-04,403,141563.7,13,3,10,7,0.773,0,1
622,2018-05-25,2018-12-24,213,125276.78,21,1,9,5,0.673,0,1
623,2019-07-17,2020-08-25,405,81514.2,13,2,11,8,0.859,1,0
624,2023-03-17,2024-05-15,425,134854.38,23,3,11,8,0.752,0,1
625,2019-01-29,2019-10-24,268,88409.09,13,2,8,8,0.884,0,1
626,2023-03-02,2023-12-15,288,146471.83,15,3,18,8,0.824,1,1
627,2021-12-27,2022-08-02,218,99114.15,12,1,4,8,0.86,0,1
628,2022-01-22,2022-12-25,337,82929.89,20,2,12,10,0.929,0,1
629,2020-02-04,2020-09-17,226,128414.11,13,3,1,8,0.856,1,0
630,2019-10-11,2020-06-26,259,138361.93,11,3,17,10,0.873,1,1
631,2023-04-30,2024-05-27,393,98300.13,13,2,5,8,0.69,0,1
632,2019-10-02,2020-05-27,238,63289.66,20,1,9,8,0.891,0,1
633,2023-12-16,2024-07-07,204,83212.31,11,2,5,8,0.829,1,1
634,2020-04-22,2020-09-08,139,62389.41,14,1,19,10,0.924,0,1
635,2021-01-15,2021-12-16,335,115359.29,16,3,13,8,0.785,0,1
636,2022-04-04,2023-01-29,300,122698.7,12,3,13,9,0.95,1,0
637,2021-10-03,2022-06-28,268,86333.6,21,3,16,8,0.795,0,1
638,2023-03-06,2023-12-08,277,79878.57,12,3,11,9,0.879,0,1
639,2021-07-28,2021-11-21,116,116569.6,25,1,2,9,0.826,0,1
640,2018-12-28,2019-08-02,217,124940.45,20,4,11,8,0.753,1,1
641,2021-08-31,2022-04-24,236,120369.2,17,3,18,9,0.833,0,1
642,2022-10-07,2023-07-13,279,103368.03,13,1,10,10,0.884,0,1
643,2018-07-18,2019-05-06,292,98597.75,22,2,13,9,0.924,0,1
644,2018-07-12,2019-07-02,355,116111.58,10,1,13,10,0.836,1,1
645,2022-05-08,2023-04-13,340,141754.13,15,3,2,8,0.838,0,1
646,2021-11-27,2022-05-03,157,126953.54,20,1,10,6,0.736,0,1
647,2020-12-11,2021-07-25,226,130695.67,15,1,9,10,0.89,1,0
648,2019-04-01,2019-09-22,174,120378.89,11,2,8,8,0.702,1,1
649,2023-07-18,2024-09-18,428,159458.59,14,4,9,8,0.862,0,1
650,2019-10-10,2020-07-26,290,137635.91,20,3,11,10,0.901,0,1
651,2020-04-05,2021-05-16,406,144675.61,24,2,15,10,0.929,1,1
652,2018-04-19,2018-11-21,216,136537.68,22,2,17,9,0.95,0,1
653,2021-02-07,2021-10-26,261,113193.85,23,1,9,8,0.894,0,1
654,2018-06-18,2019-03-22,277,123938.66,13,2,8,8,0.784,0,1
655,2018-10-10,2019-08-31,325,134106.98,20,2,19,8,0.883,0,1
656,2022-07-11,2023-03-04,236,77746.07,24,4,16,8,0.843,0,1
657,2018-03-02,2018-12-08,281,104733.62,19,1,1,6,0.698,1,1
658,2019-12-21,2020-08-30,253,119832.79,20,3,7,7,0.619,0,1
659,2020-05-20,2020-12-12,206,114365.89,14,3,10,7,0.751,0,1
660,2018-04-04,2019-05-09,400,146871.08,14,1,2,7,0.787,1,1
661,2023-04-24,2024-03-12,323,149277.26,18,2,5,9,0.859,0,1
662,2019-01-23,2019-06-11,139,107057.06,20,2,9,10,0.837,0,1
663,2018-11-20,2019-05-13,174,122132.91,21,1,9,7,0.734,1,1
664,2021-03-22,2021-10-05,197,110592.85,15,1,14,9,0.924,0,1
665,2018-09-18,2019-05-10,234,133558.64,24,1,17,10,0.919,0,1
666,2022-05-04,2023-07-28,450,67341.27,20,4,18,10,0.95,0,1
667,2020-10-27,2021-07-06,252,158040.58,18,2,1,8,0.714,0,1
668,2019-05-09,2019-11-17,192,143766.98,21,3,12,8,0.751,0,1
669,2023-12-16,2024-12-04,354,76630.09,24,2,20,10,0.948,0,1
670,2023-09-02,2024-04-19,230,128463.08,13,1,1,6,0.677,0,1
671,2018-02-01,2018-07-20,169,160291.82,11,2,6,8,0.735,0,1
672,2018-03-31,2019-03-24,358,173472.58,15,2,8,8,0.824,1,1
673,2021-01-10,2021-06-06,147,116720.26,18,2,6,8,0.825,1,1
674,2022-03-25,2023-04-28,399,143238.66,22,3,10,9,0.9,0,1
675,2020-02-16,2020-08-28,194,100888.59,22,1,10,10,0.923,1,1
676,2020-06-21,2020-10-21,122,109886.16,10,2,5,8,0.766,0,1
677,2019-09-19,2020-07-04,289,95986.49,25,1,10,8,0.7,1,1
678,2020-03-01,2021-05-24,449,126630.04,25,4,7,10,0.863,1,1
679,2022-02-13,2023-04-05,416,123892.81,15,3,3,9,0.864,1,1
680,2019-11-17,2020-08-27,284,165884.6,24,2,9,9,0.875,0,1
681,2018-12-20,2019-12-06,351,183667.56,25,2,15,9,0.95,1,1
682,2021-08-11,2022-02-14,187,107406.37,24,4,4,10,0.852,0,1
683,2021-12-14,2022-07-23,221,124062.49,13,3,5,9,0.789,1,0
684,2020-03-28,2021-03-06,343,105850.6,20,4,15,10,0.949,0,1
685,2021-11-05,2022-06-22,229,129695.67,11,1,15,8,0.908,1,1
686,2020-11-05,2021-06-04,211,106074.4,13,3,13,9,0.908,1,1
687,2022-04-16,2023-04-24,373,62043.5,19,2,19,8,0.873,1,0
688,2019-08-26,2020-07-27,336,130470.12,16,2,10,9,0.884,1,1
689,2022-08-22,2023-03-20,210,118341.86,15,4,1,10,0.846,0,1
690,2022-02-24,2023-03-07,376,116476.11,21,3,7,10,0.897,1,1
691,2021-04-04,2022-02-13,315,149112.39,15,3,4,9,0.833,0,1
692,2023-05-20,2023-12-19,213,89477.23,11,1,8,9,0.855,0,1
693,2020-04-23,2021-04-01,343,97910.23,17,3,3,7,0.678,0,1
694,2021-03-03,2022-01-03,306,139503.8,11,1,9,7,0.77,0,1
695,2022-07-27,2023-08-16,385,109139.37,21,1,2,7,0.832,1,1
696,2019-01-05,2019-11-21,320,113857.77,10,3,14,6,0.742,0,1
697,2023-04-13,2024-01-22,284,110162.25,25,1,3,6,0.751,0,1
698,2022-10-07,2023-10-07,365,98850.52,17,3,11,9,0.798,0,1
699,2020-01-17,2021-02-19,399,166199.2,14,4,5,9,0.81,1,1
700,2022-11-30,2023-12-13,378,119098.62,16,2,15,10,0.913,1,1
701,2018-03-27,2019-01-04,283,98194.9,21,3,17,10,0.95,0,1
702,2022-09-11,2023-08-16,339,95945.06,16,3,10,7,0.66,0,1
703,2021-04-09,2022-01-19,285,92796.27,10,1,1,9,0.827,1,1
704,2019-11-20,2020-09-27,312,187428.91,10,1,7,7,0.809,1,1
705,2020-09-27,2021-09-21,359,115456.31,13,3,18,10,0.925,1,1
706,2020-07-31,2021-06-04,308,60860.27,13,2,17,8,0.786,0,1
707,2019-03-10,2019-06-27,109,158276.4,25,1,1,8,0.722,1,1
708,2018-09-07,2019-04-27,232,126370.51,16,1,8,9,0.82,1,1
709,2019-07-08,2020-03-13,249,102719.32,12,4,12,10,0.84,1,1
710,2019-08-25,2020-03-17,205,134082.9,21,3,6,10,0.926,1,1
711,2020-07-16,2021-07-19,368,80520.18,12,1,4,7,0.741,0,1
712,2020-01-09,2020-09-24,259,103261.67,11,3,17,9,0.782,0,0
713,2019-09-02,2020-08-30,363,117589.17,17,1,19,9,0.837,1,1
714,2019-07-10,2019-12-25,168,110336.21,24,2,16,10,0.869,0,1
715,2022-11-17,2023-12-26,404,100260.09,12,4,9,9,0.885,1,1
716,2020-09-16,2021-11-26,436,107629.87,12,3,3,9,0.8,0,1
717,2022-01-25,2022-11-15,294,79374.12,14,3,18,10,0.945,0,1
718,2021-02-13,2022-01-29,350,84167.06,16,1,4,8,0.883,1,1
719,2021-11-16,2023-01-01,411,114087.21,23,2,4,9,0.755,1,0
720,2023-08-29,2024-04-24,239,129829.75,15,2,15,10,0.95,0,1
721,2020-03-27,2020-09-26,183,78118.63,10,2,2,9,0.758,0,1
722,2018-12-15,2020-01-18,399,102187.27,11,3,11,10,0.911,1,1
723,2022-11-01,2023-11-25,389,174625.5,14,2,4,9,0.777,0,1
724,2019-09-11,2020-02-12,154,103472.36,17,2,1,7,0.778,1,0
725,2020-08-14,2021-07-09,329,166485.65,21,1,7,7,0.754,1,1
726,2021-05-27,2021-11-04,161,109758.48,17,3,20,10,0.923,0,1
727,2023-06-18,2024-05-18,335,94144.63,14,3,4,10,0.881,1,1
728,2018-05-11,2019-04-21,345,93127.87,23,2,8,8,0.702,1,1
729,2022-05-06,2023-01-09,248,98945.35,10,4,5,9,0.897,1,1
730,2018-06-06,2018-10-05,121,110461.94,13,1,12,8,0.798,0,1
731,2023-01-08,2023-08-14,218,123251.73,25,2,11,8,0.855,1,0
732,2020-10-14,2021-08-25,315,50000.0,13,4,1,8,0.784,0,1
733,2019-08-06,2020-02-14,192,78373.04,23,3,17,10,0.95,0,1
734,2021-07-15,2022-06-12,332,79518.32,10,2,13,9,0.893,0,1
735,2023-07-24,2024-02-07,198,57025.98,21,1,18,9,0.95,0,1
736,2022-10-01,2023-11-08,403,76263.63,20,4,20,9,0.868,1,0
737,2021-10-31,2022-11-02,367,96559.24,11,3,16,10,0.848,1,1
738,2021-04-21,2021-12-15,238,137670.24,20,4,17,10,0.95,0,1
739,2020-06-01,2021-06-01,365,99295.88,12,2,14,6,0.692,0,1
740,2023-04-19,2024-04-29,376,121549.64,13,4,18,7,0.787,0,1
741,2019-04-30,2019-10-18,171,113414.95,10,2,13,10,0.88,1,1
742,2020-07-17,2021-09-14,424,99317.16,19,3,9,9,0.846,0,1
743,2023-11-17,2024-09-08,296,113765.21,19,3,17,10,0.92,0,1
744,2019-12-28,2020-11-26,334,129711.5,20,1,19,10,0.95,0,1
745,2021-09-04,2022-05-30,268,126617.6,19,2,13,8,0.733,0,1
746,2020-10-11,2021-05-13,214,98881.44,11,4,7,7,0.742,1,1
747,2021-10-28,2022-11-29,397,109480.66,11,3,17,10,0.904,0,1
748,2023-11-01,2024-04-28,179,50787.81,19,1,11,9,0.882,0,1
749,2018-01-03,2018-11-23,324,137752.99,11,2,3,7,0.828,0,1
750,2018-02-16,2019-01-06,324,174032.87,13,4,16,9,0.93,0,1
751,2020-12-25,2021-11-21,331,128122.86,17,3,9,8,0.738,1,1
752,2022-05-31,2023-04-19,323,88152.6,16,3,9,7,0.797,1,1
753,2018-09-17,2019-01-07,112,115098.84,11,1,5,8,0.864,0,1
754,2023-06-08,2024-03-13,279,161742.77,13,2,6,6,0.726,1,1
755,2022-04-19,2022-11-01,196,82845.72,12,2,9,8,0.833,0,1
756,2021-08-11,2022-06-16,309,114166.88,22,4,2,7,0.796,0,1
757,2023-11-13,2024-07-02,232,94923.91,22,4,19,8,0.881,1,1
758,2022-09-06,2023-02-20,167,134382.72,13,1,3,9,0.822,0,1
759,2019-09-21,2020-06-30,283,70032.72,11,1,12,9,0.914,0,1
760,2019-10-01,2020-09-21,356,93335.92,22,1,13,8,0.824,1,1
761,2018-09-13,2019-06-17,277,55720.33,11,1,19,10,0.93,0,1
762,2018-02-08,2019-03-04,389,111550.26,18,3,17,9,0.874,0,1
763,2018-04-22,2018-12-05,227,130407.74,13,1,17,10,0.946,0,1
764,2020-09-02,2021-06-10,281,72821.28,23,1,17,7,0.794,0,1
765,2020-04-09,2021-01-28,294,137688.22,18,3,11,9,0.774,0,1
766,2023-07-29,2024-07-11,348,125545.53,22,3,5,9,0.89,1,1
767,2018-01-21,2019-04-03,437,125941.05,20,3,13,10,0.872,0,1
768,2021-05-08,2022-06-21,409,99004.08,17,2,18,9,0.864,0,1
769,2023-12-18,2024-10-12,299,119076.34,17,4,2,5,0.649,1,1
770,2019-01-16,2019-11-19,307,99722.75,23,3,2,8,0.822,1,0
771,2023-06-15,2024-03-07,266,136738.72,23,2,5,9,0.804,0,1
772,2019-09-18,2020-08-06,323,96557.2,22,3,18,10,0.841,0,1
773,2018-06-18,2019-07-22,399,83425.55,23,1,19,9,0.896,0,1
774,2023-06-22,2023-11-10,141,95094.39,24,2,14,5,0.667,0,1
775,2023-03-07,2023-07-11,126,114257.38,18,1,16,8,0.688,0,1
776,2022-02-22,2022-09-04,194,90783.92,14,3,18,9,0.86,1,1
777,2020-11-03,2021-07-23,262,140006.39,11,3,17,9,0.905,0,1
778,2022-12-15,2023-06-05,172,116894.58,18,3,1,7,0.75,1,1
779,2018-12-19,2020-03-13,450,83427.34,16,4,13,9,0.864,0,1
780,2020-11-15,2021-05-09,175,85761.42,10,2,1,6,0.751,0,1
781,2023-03-10,2023-09-13,187,92819.75,20,2,19,10,0.95,1,1
782,2021-12-14,2022-05-22,159,99889.9,23,3,19,9,0.95,0,1
783,2019-11-23,2020-11-07,350,87967.72,12,2,13,7,0.816,1,1
784,2018-12-27,2019-04-30,124,98980.82,18,1,7,9,0.815,0,1
785,2021-06-25,2022-06-04,344,97360.79,15,3,8,7,0.829,1,1
786,2022-08-25,2023-10-14,415,175298.77,20,3,16,10,0.915,1,1
787,2022-11-19,2023-08-09,263,103463.7,22,1,10,8,0.831,1,1
788,2018-06-02,2019-02-12,255,94388.25,11,3,8,6,0.686,1,0
789,2022-02-16,2023-02-11,360,94866.1,18,1,13,8,0.74,1,0
790,2023-01-28,2024-01-20,357,137883.49,22,3,5,8,0.727,0,1
791,2021-06-06,2022-08-01,421,59549.15,19,4,12,7,0.798,0,1
792,2022-03-07,2022-11-18,256,102677.83,24,4,6,5,0.586,0,1
793,2020-06-01,2021-01-26,239,103265.52,12,3,3,9,0.835,1,1
794,2022-11-10,2023-09-13,307,128222.59,15,3,9,8,0.878,1,0
795,2020-06-23,2021-05-15,326,64506.06,15,2,20,9,0.879,0,1
796,2019-11-04,2020-10-24,355,87921.39,19,2,11,9,0.764,1,0
797,2018-05-08,2019-01-26,263,99134.85,10,1,14,10,0.884,1,1
798,2021-05-18,2022-07-04,412,127145.62,20,2,8,8,0.768,1,1
799,2020-09-15,2021-09-13,363,64897.0,12,4,5,6,0.681,0,1
800,2019-12-19,2020-12-03,350,105997.57,23,4,4,8,0.713,1,0
801,2023-01-24,2023-05-23,119,150945.91,25,1,15,10,0.95,0,1
802,2020-02-19,2020-10-01,225,111981.16,21,2,11,8,0.883,1,1
803,2023-03-07,2023-11-13,251,92375.06,19,1,14,8,0.837,1,0
804,2020-02-06,2020-09-01,208,139110.49,25,1,9,8,0.846,0,0
805,2019-12-07,2020-10-29,327,121185.13,23,4,1,7,0.793,1,1
806,2022-06-09,2022-11-07,151,97077.93,14,3,20,9,0.95,0,1
807,2018-07-23,2018-12-11,141,121765.2,25,2,3,9,0.794,0,1
808,2023-12-08,2024-08-25,261,135281.38,23,1,15,9,0.911,0,1
809,2022-04-02,2022-07-13,102,133721.78,19,1,20,8,0.863,1,0
810,2019-03-05,2020-02-24,356,124176.71,11,1,6,8,0.862,0,1
811,2019-07-03,2020-04-21,293,165917.89,21,3,5,7,0.774,0,1
812,2020-04-14,2021-05-08,389,105533.24,18,3,3,8,0.759,0,1
813,2018-02-01,2018-07-25,174,170352.84,15,3,18,9,0.945,0,1
814,2019-11-18,2020-11-10,358,103019.66,17,2,8,8,0.713,0,1
815,2021-04-08,2022-05-19,406,98538.05,13,3,8,8,0.872,0,1
816,2019-10-22,2020-04-23,184,118054.89,22,1,3,8,0.831,0,1
817,2019-01-25,2019-10-17,265,154034.46,10,2,4,6,0.657,0,1
818,2018-09-13,2019-12-02,445,139031.1,11,4,15,8,0.796,0,1
819,2022-05-23,2023-08-16,450,120945.39,21,4,7,9,0.843,0,1
820,2022-08-02,2023-08-21,384,123111.94,23,4,1,7,0.705,1,1
821,2019-06-23,2019-12-13,173,125656.55,18,2,19,10,0.877,0,1
822,2019-05-01,2020-06-22,418,133543.4,21,3,12,9,0.95,0,1
823,2018-05-17,2019-05-09,357,90568.44,24,1,5,10,0.837,0,1
824,2023-08-27,2024-05-11,258,110455.48,18,1,1,6,0.683,0,1
825,2020-08-24,2021-03-12,200,69675.95,16,3,2,8,0.833,0,1
826,2021-03-17,2021-11-03,231,92013.7,16,2,1,7,0.694,0,1
827,2023-12-17,2024-09-24,282,119809.6,20,3,14,10,0.921,0,1
828,2020-04-03,2021-03-15,346,126741.11,19,1,7,8,0.783,1,0
829,2019-07-18,2020-01-29,195,120123.68,21,2,3,7,0.639,0,1
830,2018-08-08,2019-01-18,163,142903.1,20,1,17,9,0.95,0,1
831,2019-09-07,2020-07-22,319,127312.32,18,3,16,9,0.916,0,1
832,2022-12-05,2023-10-03,302,83090.13,10,4,17,7,0.768,1,1
833,2019-08-09,2020-11-01,450,107529.54,16,3,14,9,0.772,0,1
834,2022-11-08,2023-07-10,244,84171.08,17,1,15,10,0.874,0,1
835,2019-08-08,2020-04-10,246,133166.22,13,1,9,9,0.847,1,1
836,2020-01-25,2021-02-04,376,152294.81,18,3,5,7,0.794,1,1
837,2018-06-03,2019-01-10,221,98873.42,15,3,17,10,0.896,0,1
838,2023-11-21,2024-09-29,313,70364.21,23,3,11,10,0.918,0,1
839,2019-04-16,2020-06-05,416,147573.87,18,2,17,10,0.84,0,1
840,2020-11-18,2021-10-15,331,169603.81,19,4,5,7,0.815,0,1
841,2020-11-08,2021-06-23,227,98337.49,25,3,2,7,0.714,1,1
842,2018-02-22,2019-02-16,359,74569.73,11,2,3,9,0.832,1,0
843,2023-06-22,2024-04-03,286,72472.23,17,4,2,7,0.811,0,1
844,2023-07-27,2024-08-10,380,70545.81,15,1,9,10,0.883,1,1
845,2023-04-09,2024-01-22,288,140044.19,24,1,19,9,0.847,0,1
846,2021-06-20,2021-10-25,127,108750.26,10,2,9,9,0.83,1,1
847,2020-01-09,2020-07-07,180,100844.23,13,3,15,8,0.773,0,1
848,2019-05-21,2020-01-11,235,88358.76,23,1,4,9,0.883,0,1
849,2022-01-22,2022-11-04,286,107356.71,18,1,11,8,0.907,0,1
850,2022-05-08,2022-08-28,112,104126.23,21,1,16,10,0.895,0,1
851,2022-11-21,2023-04-19,149,119773.08,11,1,14,7,0.798,1,1
852,2021-06-05,2021-12-05,183,126114.76,11,2,4,9,0.89,0,1
853,2022-11-01,2023-11-09,373,100842.74,15,1,6,8,0.825,1,0
854,2022-10-06,2023-05-01,207,83975.8,12,3,7,7,0.785,0,1
855,2022-02-26,2022-10-09,225,158993.82,16,3,5,8,0.798,0,1
856,2022-06-12,2022-11-09,150,125932.63,22,2,3,7,0.827,0,1
857,2023-06-23,2024-01-24,215,50000.0,11,2,11,8,0.868,1,1
858,2020-08-13,2021-06-19,310,89269.79,22,4,2,9,0.821,1,0
859,2018-07-31,2019-04-28,271,73682.11,25,3,20,9,0.807,1,1
860,2018-08-02,2019-01-15,166,129999.12,18,1,14,10,0.873,0,1
861,2018-06-27,2019-05-21,328,115883.45,10,1,3,8,0.826,1,1
862,2022-10-02,2023-07-08,279,94155.76,14,4,11,7,0.773,1,1
863,2018-03-06,2018-09-28,206,108288.76,12,3,18,10,0.95,1,1
864,2019-03-01,2019-11-05,249,70792.9,23,1,10,7,0.789,0,1
865,2020-10-16,2021-04-28,194,112269.16,10,3,11,10,0.872,1,0
866,2023-03-07,2024-01-17,316,140371.2,13,2,18,7,0.832,0,1
867,2019-05-04,2020-05-03,365,92282.26,20,4,10,7,0.791,0,1
868,2020-09-29,2021-02-17,141,121731.0,15,1,16,10,0.933,1,1
869,2019-11-02,2020-04-29,179,90266.86,15,2,8,9,0.799,0,1
870,2018-08-29,2019-01-30,154,113549.88,15,3,10,9,0.805,1,1
871,2019-04-15,2020-01-14,274,95455.78,15,2,7,8,0.888,1,1
872,2022-03-13,2023-04-17,400,108919.55,25,4,19,8,0.888,1,0
873,2018-11-22,2019-10-13,325,107860.32,17,2,7,10,0.927,1,1
874,2020-05-12,2021-03-14,306,85514.46,20,3,6,7,0.81,1,0
875,2021-02-14,2021-08-01,168,119709.28,15,1,2,8,0.747,0,1
876,2022-08-14,2023-04-26,255,81263.73,11,1,2,7,0.772,0,1
877,2021-01-13,2022-01-15,367,65246.53,13,2,10,6,0.74,1,1
878,2022-03-13,2022-12-16,278,120815.75,12,3,2,9,0.878,1,0
879,2021-11-08,2022-09-29,325,89397.17,22,3,1,6,0.705,0,1
880,2021-03-14,2021-09-05,175,69016.38,25,1...
